id,name,brand,serialNumber,userId,schoolId,status,createdAt,updatedAt
101,COMPUTADOR,GENÉRICO,4A890LH04,cacfec45-6d8e-4179-8817-7fc43a19fd11,225,DISPONIVEL,2025-08-12 18:57:18.183,2025-08-12 18:57:18.183
102,COMPUTADOR,GENÉRICO,4A890LS90,cacfec45-6d8e-4179-8817-7fc43a19fd11,225,DISPONIVEL,2025-08-12 18:57:18.249,2025-08-12 18:57:18.249
103,COMPUTADOR,GENÉRICO,4A890M64Y,cacfec45-6d8e-4179-8817-7fc43a19fd11,225,DISPONIVEL,2025-08-12 18:57:18.313,2025-08-12 18:57:18.313
106,COMPUTADOR,GENÉRICO,4A890MC6Q,cacfec45-6d8e-4179-8817-7fc43a19fd11,225,DISPONIVEL,2025-08-12 18:57:18.501,2025-08-12 18:57:18.501
107,COMPUTADOR,GENÉRICO,4A890MD7Y,cacfec45-6d8e-4179-8817-7fc43a19fd11,225,DISPONIVEL,2025-08-12 18:57:18.575,2025-08-12 18:57:18.575
108,COMPUTADOR,GENÉRICO,4A890MG1J,cacfec45-6d8e-4179-8817-7fc43a19fd11,225,DISPONIVEL,2025-08-12 18:57:18.673,2025-08-12 18:57:18.673
114,COMPUTADOR,GENÉRICO,4A890MQ86,cacfec45-6d8e-4179-8817-7fc43a19fd11,225,DISPONIVEL,2025-08-12 18:57:19.091,2025-08-12 18:57:19.091
115,COMPUTADOR,GENÉRICO,4A891DS2U,cacfec45-6d8e-4179-8817-7fc43a19fd11,225,DISPONIVEL,2025-08-12 18:57:19.157,2025-08-12 18:57:19.157
117,COMPUTADOR,GENÉRICO,GWX4MD2,cacfec45-6d8e-4179-8817-7fc43a19fd11,225,DISPONIVEL,2025-08-12 18:57:19.287,2025-08-12 18:57:19.287
146,COMPUTADOR,GENÉRICO,P0722006021,cacfec45-6d8e-4179-8817-7fc43a19fd11,225,DISPONIVEL,2025-08-12 18:57:21.25,2025-08-12 18:57:21.25
147,COMPUTADOR,GENÉRICO,5A3286394,cacfec45-6d8e-4179-8817-7fc43a19fd11,225,DISPONIVEL,2025-08-12 18:57:21.332,2025-08-12 18:57:21.332
148,COMPUTADOR,GENÉRICO,5A258QS3J,cacfec45-6d8e-4179-8817-7fc43a19fd11,225,DISPONIVEL,2025-08-12 18:57:21.395,2025-08-12 18:57:21.395
193,ESTABILIZADOR,GENÉRICO,2205178900,cacfec45-6d8e-4179-8817-7fc43a19fd11,225,DISPONIVEL,2025-08-12 18:57:24.302,2025-08-12 18:57:24.302
194,ESTABILIZADOR,GENÉRICO,2444491010089,cacfec45-6d8e-4179-8817-7fc43a19fd11,225,DISPONIVEL,2025-08-12 18:57:24.385,2025-08-12 18:57:24.385
230,NOTEBOOK,GENÉRICO,84439933,cacfec45-6d8e-4179-8817-7fc43a19fd11,225,DISPONIVEL,2025-08-12 18:57:26.844,2025-08-12 18:57:26.844
235,IMPRESSORA,GENÉRICO,BRBST151OP,cacfec45-6d8e-4179-8817-7fc43a19fd11,225,DISPONIVEL,2025-08-12 18:57:27.178,2025-08-12 18:57:27.178
254,MONITOR,GENÉRICO,968LKN22060018,cacfec45-6d8e-4179-8817-7fc43a19fd11,225,DISPONIVEL,2025-08-12 18:57:28.527,2025-08-12 18:57:28.527
257,MONITOR,GENÉRICO,968LKN22060152,cacfec45-6d8e-4179-8817-7fc43a19fd11,225,DISPONIVEL,2025-08-12 18:57:28.714,2025-08-12 18:57:28.714
258,MONITOR,GENÉRICO,968LKN22060165,cacfec45-6d8e-4179-8817-7fc43a19fd11,225,DISPONIVEL,2025-08-12 18:57:28.78,2025-08-12 18:57:28.78
263,MONITOR,GENÉRICO,968LKN22060320,cacfec45-6d8e-4179-8817-7fc43a19fd11,225,DISPONIVEL,2025-08-12 18:57:29.115,2025-08-12 18:57:29.115
267,MONITOR,GENÉRICO,968LKN22060447,cacfec45-6d8e-4179-8817-7fc43a19fd11,225,DISPONIVEL,2025-08-12 18:57:29.383,2025-08-12 18:57:29.383
268,MONITOR,GENÉRICO,968LKN22060485,cacfec45-6d8e-4179-8817-7fc43a19fd11,225,DISPONIVEL,2025-08-12 18:57:29.451,2025-08-12 18:57:29.451
269,MONITOR,GENÉRICO,GLED194106240253,cacfec45-6d8e-4179-8817-7fc43a19fd11,225,DISPONIVEL,2025-08-12 18:57:29.516,2025-08-12 18:57:29.516
270,MONITOR,GENÉRICO,GLED194106240263,cacfec45-6d8e-4179-8817-7fc43a19fd11,225,DISPONIVEL,2025-08-12 18:57:29.597,2025-08-12 18:57:29.597
271,MONITOR,GENÉRICO,GLED194106240852,cacfec45-6d8e-4179-8817-7fc43a19fd11,225,DISPONIVEL,2025-08-12 18:57:29.668,2025-08-12 18:57:29.668
272,MONITOR,GENÉRICO,GLED194106240857,cacfec45-6d8e-4179-8817-7fc43a19fd11,225,DISPONIVEL,2025-08-12 18:57:29.733,2025-08-12 18:57:29.733
273,MONITOR,GENÉRICO,GLED194106241083,cacfec45-6d8e-4179-8817-7fc43a19fd11,225,DISPONIVEL,2025-08-12 18:57:29.796,2025-08-12 18:57:29.796
274,MONITOR,GENÉRICO,GLED194106241098,cacfec45-6d8e-4179-8817-7fc43a19fd11,225,DISPONIVEL,2025-08-12 18:57:29.893,2025-08-12 18:57:29.893
305,MONITOR,GENÉRICO,FX0A1533051943,cacfec45-6d8e-4179-8817-7fc43a19fd11,225,DISPONIVEL,2025-08-12 18:57:31.905,2025-08-12 18:57:31.905
306,MONITOR,GENÉRICO,FX0A1533052045,cacfec45-6d8e-4179-8817-7fc43a19fd11,225,DISPONIVEL,2025-08-12 18:57:31.967,2025-08-12 18:57:31.967
307,MONITOR,GENÉRICO,FX0A1533055560,cacfec45-6d8e-4179-8817-7fc43a19fd11,225,DISPONIVEL,2025-08-12 18:57:32.029,2025-08-12 18:57:32.029
310,ESTABILIZADOR,GENÉRICO,2323240030549,cacfec45-6d8e-4179-8817-7fc43a19fd11,225,DISPONIVEL,2025-08-12 18:57:32.218,2025-08-12 18:57:32.218
311,ESTABILIZADOR,GENÉRICO,2417140030105,cacfec45-6d8e-4179-8817-7fc43a19fd11,225,DISPONIVEL,2025-08-12 18:57:32.288,2025-08-12 18:57:32.288
312,ESTABILIZADOR,GENÉRICO,2417140030106,cacfec45-6d8e-4179-8817-7fc43a19fd11,225,DISPONIVEL,2025-08-12 18:57:32.355,2025-08-12 18:57:32.355
313,ESTABILIZADOR,GENÉRICO,2417140030107,cacfec45-6d8e-4179-8817-7fc43a19fd11,225,DISPONIVEL,2025-08-12 18:57:32.418,2025-08-12 18:57:32.418
314,ESTABILIZADOR,GENÉRICO,2417140030108,cacfec45-6d8e-4179-8817-7fc43a19fd11,225,DISPONIVEL,2025-08-12 18:57:32.481,2025-08-12 18:57:32.481
315,ESTABILIZADOR,GENÉRICO,2417140030111,cacfec45-6d8e-4179-8817-7fc43a19fd11,225,DISPONIVEL,2025-08-12 18:57:32.542,2025-08-12 18:57:32.542
316,ESTABILIZADOR,GENÉRICO,2417140030141,cacfec45-6d8e-4179-8817-7fc43a19fd11,225,DISPONIVEL,2025-08-12 18:57:32.609,2025-08-12 18:57:32.609
317,ESTABILIZADOR,GENÉRICO,2417140030142,cacfec45-6d8e-4179-8817-7fc43a19fd11,225,DISPONIVEL,2025-08-12 18:57:32.672,2025-08-12 18:57:32.672
318,ESTABILIZADOR,GENÉRICO,2417140030143,cacfec45-6d8e-4179-8817-7fc43a19fd11,225,DISPONIVEL,2025-08-12 18:57:32.735,2025-08-12 18:57:32.735
319,ESTABILIZADOR,GENÉRICO,2417140030144,cacfec45-6d8e-4179-8817-7fc43a19fd11,225,DISPONIVEL,2025-08-12 18:57:32.8,2025-08-12 18:57:32.8
320,ESTABILIZADOR,GENÉRICO,2417140030161,cacfec45-6d8e-4179-8817-7fc43a19fd11,225,DISPONIVEL,2025-08-12 18:57:32.866,2025-08-12 18:57:32.866
321,ESTABILIZADOR,GENÉRICO,2417140030162,cacfec45-6d8e-4179-8817-7fc43a19fd11,225,DISPONIVEL,2025-08-12 18:57:32.933,2025-08-12 18:57:32.933
322,ESTABILIZADOR,GENÉRICO,2417140030163,cacfec45-6d8e-4179-8817-7fc43a19fd11,225,DISPONIVEL,2025-08-12 18:57:32.998,2025-08-12 18:57:32.998
323,ESTABILIZADOR,GENÉRICO,2417140030164,cacfec45-6d8e-4179-8817-7fc43a19fd11,225,DISPONIVEL,2025-08-12 18:57:33.059,2025-08-12 18:57:33.059
324,ESTABILIZADOR,GENÉRICO,2417140030174,cacfec45-6d8e-4179-8817-7fc43a19fd11,225,DISPONIVEL,2025-08-12 18:57:33.123,2025-08-12 18:57:33.123
325,ESTABILIZADOR,GENÉRICO,2417140030175,cacfec45-6d8e-4179-8817-7fc43a19fd11,225,DISPONIVEL,2025-08-12 18:57:33.188,2025-08-12 18:57:33.188
326,ESTABILIZADOR,GENÉRICO,2417140030185,cacfec45-6d8e-4179-8817-7fc43a19fd11,225,DISPONIVEL,2025-08-12 18:57:33.256,2025-08-12 18:57:33.256
327,ESTABILIZADOR,GENÉRICO,2417140030186,cacfec45-6d8e-4179-8817-7fc43a19fd11,225,DISPONIVEL,2025-08-12 18:57:33.32,2025-08-12 18:57:33.32
328,ESTABILIZADOR,GENÉRICO,2417140030187,cacfec45-6d8e-4179-8817-7fc43a19fd11,225,DISPONIVEL,2025-08-12 18:57:33.382,2025-08-12 18:57:33.382
329,ESTABILIZADOR,GENÉRICO,2417140030188,cacfec45-6d8e-4179-8817-7fc43a19fd11,225,DISPONIVEL,2025-08-12 18:57:33.446,2025-08-12 18:57:33.446
330,ESTABILIZADOR,GENÉRICO,2452140030348,cacfec45-6d8e-4179-8817-7fc43a19fd11,225,DISPONIVEL,2025-08-12 18:57:33.509,2025-08-12 18:57:33.509
338,NOTEBOOK,GENÉRICO,DD5JCK2,cacfec45-6d8e-4179-8817-7fc43a19fd11,225,DISPONIVEL,2025-08-12 18:57:34.026,2025-08-12 18:57:34.026
341,TECLADO,GENÉRICO,S/ SERIAL.,cacfec45-6d8e-4179-8817-7fc43a19fd11,225,DISPONIVEL,2025-08-12 18:57:34.219,2025-08-12 18:57:34.219
363,COMPUTADOR,GENÉRICO,4A890MG8C,cacfec45-6d8e-4179-8817-7fc43a19fd11,224,DISPONIVEL,2025-08-12 18:57:35.676,2025-08-12 18:57:35.676
364,COMPUTADOR,GENÉRICO,4A892K503,cacfec45-6d8e-4179-8817-7fc43a19fd11,224,DISPONIVEL,2025-08-12 18:57:35.738,2025-08-12 18:57:35.738
365,COMPUTADOR,GENÉRICO,4A892K64Q,cacfec45-6d8e-4179-8817-7fc43a19fd11,224,DISPONIVEL,2025-08-12 18:57:35.804,2025-08-12 18:57:35.804
375,COMPUTADOR,GENÉRICO,4A890MK1P,cacfec45-6d8e-4179-8817-7fc43a19fd11,463,DISPONIVEL,2025-08-12 18:57:36.511,2025-08-12 18:57:36.511
383,COMPUTADOR,GENÉRICO,4A890L59D,cacfec45-6d8e-4179-8817-7fc43a19fd11,463,DISPONIVEL,2025-08-12 18:57:37.039,2025-08-12 18:57:37.039
384,COMPUTADOR,GENÉRICO,4A890MT0B,cacfec45-6d8e-4179-8817-7fc43a19fd11,212,DISPONIVEL,2025-08-12 18:57:37.11,2025-08-12 18:57:37.11
386,ESTABILIZADOR,GENÉRICO,2444491010088,cacfec45-6d8e-4179-8817-7fc43a19fd11,212,DISPONIVEL,2025-08-12 18:57:37.248,2025-08-12 18:57:37.248
391,COMPUTADOR,GENÉRICO,4A890L64R,cacfec45-6d8e-4179-8817-7fc43a19fd11,235,DISPONIVEL,2025-08-12 18:57:37.583,2025-08-12 18:57:37.583
392,COMPUTADOR,GENÉRICO,4A890LH73,cacfec45-6d8e-4179-8817-7fc43a19fd11,235,DISPONIVEL,2025-08-12 18:57:37.649,2025-08-12 18:57:37.649
406,COMPUTADOR,GENÉRICO,4A888T08X,cacfec45-6d8e-4179-8817-7fc43a19fd11,236,DISPONIVEL,2025-08-12 18:57:38.606,2025-08-12 18:57:38.606
407,COMPUTADOR,GENÉRICO,4A890M653,cacfec45-6d8e-4179-8817-7fc43a19fd11,236,DISPONIVEL,2025-08-12 18:57:38.67,2025-08-12 18:57:38.67
408,COMPUTADOR,GENÉRICO,4A890MB6N,cacfec45-6d8e-4179-8817-7fc43a19fd11,236,DISPONIVEL,2025-08-12 18:57:38.733,2025-08-12 18:57:38.733
415,COMPUTADOR,GENÉRICO,4A890MJ7G,cacfec45-6d8e-4179-8817-7fc43a19fd11,227,DISPONIVEL,2025-08-12 18:57:39.259,2025-08-12 18:57:39.259
416,COMPUTADOR,GENÉRICO,4A890ML6H,cacfec45-6d8e-4179-8817-7fc43a19fd11,227,DISPONIVEL,2025-08-12 18:57:39.324,2025-08-12 18:57:39.324
426,COMPUTADOR,GENÉRICO,4A890L68B,cacfec45-6d8e-4179-8817-7fc43a19fd11,232,DISPONIVEL,2025-08-12 18:57:39.991,2025-08-12 18:57:39.991
427,COMPUTADOR,GENÉRICO,4A890LF6S,cacfec45-6d8e-4179-8817-7fc43a19fd11,232,DISPONIVEL,2025-08-12 18:57:40.059,2025-08-12 18:57:40.059
428,COMPUTADOR,GENÉRICO,4A890MG5X,cacfec45-6d8e-4179-8817-7fc43a19fd11,232,DISPONIVEL,2025-08-12 18:57:40.122,2025-08-12 18:57:40.122
429,COMPUTADOR,GENÉRICO,4A890MN0T,cacfec45-6d8e-4179-8817-7fc43a19fd11,232,DISPONIVEL,2025-08-12 18:57:40.189,2025-08-12 18:57:40.189
430,COMPUTADOR,GENÉRICO,4A893N18J,cacfec45-6d8e-4179-8817-7fc43a19fd11,232,DISPONIVEL,2025-08-12 18:57:40.252,2025-08-12 18:57:40.252
431,COMPUTADOR,GENÉRICO,P0622005816,cacfec45-6d8e-4179-8817-7fc43a19fd11,232,DISPONIVEL,2025-08-12 18:57:40.334,2025-08-12 18:57:40.334
434,ESTABILIZADOR,GENÉRICO,210350976,cacfec45-6d8e-4179-8817-7fc43a19fd11,232,DISPONIVEL,2025-08-12 18:57:40.527,2025-08-12 18:57:40.527
461,ESTABILIZADOR,GENÉRICO,210350974,cacfec45-6d8e-4179-8817-7fc43a19fd11,237,DISPONIVEL,2025-08-12 18:57:42.376,2025-08-12 18:57:42.376
462,ESTABILIZADOR,GENÉRICO,210350981,cacfec45-6d8e-4179-8817-7fc43a19fd11,237,DISPONIVEL,2025-08-12 18:57:42.441,2025-08-12 18:57:42.441
469,MONITOR,GENÉRICO,17L20GT211201910,cacfec45-6d8e-4179-8817-7fc43a19fd11,237,DISPONIVEL,2025-08-12 18:57:42.89,2025-08-12 18:57:42.89
477,COMPUTADOR,GENÉRICO,4A890LF97,cacfec45-6d8e-4179-8817-7fc43a19fd11,230,DISPONIVEL,2025-08-12 18:57:43.424,2025-08-12 18:57:43.424
478,COMPUTADOR,GENÉRICO,4A890LG9A,cacfec45-6d8e-4179-8817-7fc43a19fd11,230,DISPONIVEL,2025-08-12 18:57:43.485,2025-08-12 18:57:43.485
479,COMPUTADOR,GENÉRICO,4A890MD02,cacfec45-6d8e-4179-8817-7fc43a19fd11,230,DISPONIVEL,2025-08-12 18:57:43.55,2025-08-12 18:57:43.55
481,COMPUTADOR,GENÉRICO,P1021005454,cacfec45-6d8e-4179-8817-7fc43a19fd11,230,DISPONIVEL,2025-08-12 18:57:43.678,2025-08-12 18:57:43.678
492,COMPUTADOR,GENÉRICO,4A890LC70,cacfec45-6d8e-4179-8817-7fc43a19fd11,229,DISPONIVEL,2025-08-12 18:57:44.427,2025-08-12 18:57:44.427
493,COMPUTADOR,GENÉRICO,4A890LD91,cacfec45-6d8e-4179-8817-7fc43a19fd11,229,DISPONIVEL,2025-08-12 18:57:44.494,2025-08-12 18:57:44.494
494,COMPUTADOR,GENÉRICO,4A890M72R,cacfec45-6d8e-4179-8817-7fc43a19fd11,229,DISPONIVEL,2025-08-12 18:57:44.557,2025-08-12 18:57:44.557
495,COMPUTADOR,GENÉRICO,4A890MJ56,cacfec45-6d8e-4179-8817-7fc43a19fd11,229,DISPONIVEL,2025-08-12 18:57:44.624,2025-08-12 18:57:44.624
496,COMPUTADOR,GENÉRICO,4A890MP83,cacfec45-6d8e-4179-8817-7fc43a19fd11,229,DISPONIVEL,2025-08-12 18:57:44.693,2025-08-12 18:57:44.693
514,COMPUTADOR,GENÉRICO,4A890L955,cacfec45-6d8e-4179-8817-7fc43a19fd11,228,DISPONIVEL,2025-08-12 18:57:45.896,2025-08-12 18:57:45.896
537,COMPUTADOR,GENÉRICO,4A890L70A,cacfec45-6d8e-4179-8817-7fc43a19fd11,231,DISPONIVEL,2025-08-12 18:57:47.608,2025-08-12 18:57:47.608
538,COMPUTADOR,GENÉRICO,4A890L78E,cacfec45-6d8e-4179-8817-7fc43a19fd11,231,DISPONIVEL,2025-08-12 18:57:47.685,2025-08-12 18:57:47.685
539,COMPUTADOR,GENÉRICO,4A890M76B,cacfec45-6d8e-4179-8817-7fc43a19fd11,231,DISPONIVEL,2025-08-12 18:57:47.75,2025-08-12 18:57:47.75
540,COMPUTADOR,GENÉRICO,4A890MM0Q,cacfec45-6d8e-4179-8817-7fc43a19fd11,231,DISPONIVEL,2025-08-12 18:57:47.824,2025-08-12 18:57:47.824
541,COMPUTADOR,GENÉRICO,4A890MR05,cacfec45-6d8e-4179-8817-7fc43a19fd11,231,DISPONIVEL,2025-08-12 18:57:47.893,2025-08-12 18:57:47.893
542,COMPUTADOR,GENÉRICO,4A890MR1A,cacfec45-6d8e-4179-8817-7fc43a19fd11,231,DISPONIVEL,2025-08-12 18:57:47.956,2025-08-12 18:57:47.956
543,COMPUTADOR,GENÉRICO,4A892K59C,cacfec45-6d8e-4179-8817-7fc43a19fd11,231,DISPONIVEL,2025-08-12 18:57:48.022,2025-08-12 18:57:48.022
545,COMPUTADOR,GENÉRICO,4A479SP1L,cacfec45-6d8e-4179-8817-7fc43a19fd11,231,DISPONIVEL,2025-08-12 18:57:48.179,2025-08-12 18:57:48.179
553,MONITOR,GENÉRICO,50142554,cacfec45-6d8e-4179-8817-7fc43a19fd11,231,DISPONIVEL,2025-08-12 18:57:48.7,2025-08-12 18:57:48.7
561,COMPUTADOR,GENÉRICO,4A890L867,cacfec45-6d8e-4179-8817-7fc43a19fd11,234,DISPONIVEL,2025-08-12 18:57:49.204,2025-08-12 18:57:49.204
562,COMPUTADOR,GENÉRICO,4A890M61J,cacfec45-6d8e-4179-8817-7fc43a19fd11,234,DISPONIVEL,2025-08-12 18:57:49.269,2025-08-12 18:57:49.269
570,COMPUTADOR,GENÉRICO,4A890L74U,cacfec45-6d8e-4179-8817-7fc43a19fd11,226,DISPONIVEL,2025-08-12 18:57:49.822,2025-08-12 18:57:49.822
571,COMPUTADOR,GENÉRICO,4A890L98K,cacfec45-6d8e-4179-8817-7fc43a19fd11,226,DISPONIVEL,2025-08-12 18:57:49.89,2025-08-12 18:57:49.89
572,COMPUTADOR,GENÉRICO,4A890LD0S,cacfec45-6d8e-4179-8817-7fc43a19fd11,226,DISPONIVEL,2025-08-12 18:57:49.95,2025-08-12 18:57:49.95
573,COMPUTADOR,GENÉRICO,4A890M859,cacfec45-6d8e-4179-8817-7fc43a19fd11,226,DISPONIVEL,2025-08-12 18:57:50.018,2025-08-12 18:57:50.018
574,COMPUTADOR,GENÉRICO,4A893N169,cacfec45-6d8e-4179-8817-7fc43a19fd11,226,DISPONIVEL,2025-08-12 18:57:50.098,2025-08-12 18:57:50.098
597,NOTEBOOK,GENÉRICO,DNLQJ82,cacfec45-6d8e-4179-8817-7fc43a19fd11,226,DISPONIVEL,2025-08-12 18:57:51.616,2025-08-12 18:57:51.616
598,COMPUTADOR,GENÉRICO,4A8909L1L,cacfec45-6d8e-4179-8817-7fc43a19fd11,226,DISPONIVEL,2025-08-12 18:57:51.68,2025-08-12 18:57:51.68
599,COMPUTADOR,GENÉRICO,4A890L940,cacfec45-6d8e-4179-8817-7fc43a19fd11,247,DISPONIVEL,2025-08-12 18:57:51.742,2025-08-12 18:57:51.742
600,COMPUTADOR,GENÉRICO,4A890LF82,cacfec45-6d8e-4179-8817-7fc43a19fd11,247,DISPONIVEL,2025-08-12 18:57:51.805,2025-08-12 18:57:51.805
606,MONITOR,GENÉRICO,GLED194106240320,cacfec45-6d8e-4179-8817-7fc43a19fd11,247,DISPONIVEL,2025-08-12 18:57:52.202,2025-08-12 18:57:52.202
621,ESTABILIZADOR,GENÉRICO,2430491010491,cacfec45-6d8e-4179-8817-7fc43a19fd11,244,DISPONIVEL,2025-08-12 18:57:53.16,2025-08-12 18:57:53.16
653,ESTABILIZADOR,GENÉRICO,201272286,cacfec45-6d8e-4179-8817-7fc43a19fd11,246,DISPONIVEL,2025-08-12 18:57:55.212,2025-08-12 18:57:55.212
654,ESTABILIZADOR,GENÉRICO,201272294,cacfec45-6d8e-4179-8817-7fc43a19fd11,246,DISPONIVEL,2025-08-12 18:57:55.276,2025-08-12 18:57:55.276
655,ESTABILIZADOR,GENÉRICO,2444491010085,cacfec45-6d8e-4179-8817-7fc43a19fd11,246,DISPONIVEL,2025-08-12 18:57:55.34,2025-08-12 18:57:55.34
689,ESTABILIZADOR,GENÉRICO,2432391010464,cacfec45-6d8e-4179-8817-7fc43a19fd11,240,DISPONIVEL,2025-08-12 18:57:57.531,2025-08-12 18:57:57.531
698,COMPUTADOR,GENÉRICO,4A890MM4A,cacfec45-6d8e-4179-8817-7fc43a19fd11,250,DISPONIVEL,2025-08-12 18:57:58.1,2025-08-12 18:57:58.1
708,MONITOR,GENÉRICO,17L20GT211202302,cacfec45-6d8e-4179-8817-7fc43a19fd11,250,DISPONIVEL,2025-08-12 18:57:58.76,2025-08-12 18:57:58.76
713,NOTEBOOK,GENÉRICO,BJXLCK2,cacfec45-6d8e-4179-8817-7fc43a19fd11,225,DISPONIVEL,2025-08-12 18:57:59.096,2025-08-12 18:57:59.096
715,COMPUTADOR,GENÉRICO,4A890MC26,cacfec45-6d8e-4179-8817-7fc43a19fd11,241,DISPONIVEL,2025-08-12 18:57:59.25,2025-08-12 18:57:59.25
716,COMPUTADOR,GENÉRICO,4A890MR9E,cacfec45-6d8e-4179-8817-7fc43a19fd11,241,DISPONIVEL,2025-08-12 18:57:59.314,2025-08-12 18:57:59.314
721,ESTABILIZADOR,GENÉRICO,210350982,cacfec45-6d8e-4179-8817-7fc43a19fd11,241,DISPONIVEL,2025-08-12 18:57:59.646,2025-08-12 18:57:59.646
756,MONITOR,GENÉRICO,215HQLED160010221659,cacfec45-6d8e-4179-8817-7fc43a19fd11,241,DISPONIVEL,2025-08-12 18:58:02.017,2025-08-12 18:58:02.017
765,NOTEBOOK,GENÉRICO,1A092RY7Q,cacfec45-6d8e-4179-8817-7fc43a19fd11,241,DISPONIVEL,2025-08-12 18:58:02.612,2025-08-12 18:58:02.612
766,COMPUTADOR,GENÉRICO,4A890L49A,cacfec45-6d8e-4179-8817-7fc43a19fd11,242,DISPONIVEL,2025-08-12 18:58:02.674,2025-08-12 18:58:02.674
767,COMPUTADOR,GENÉRICO,4A890LC6J,cacfec45-6d8e-4179-8817-7fc43a19fd11,242,DISPONIVEL,2025-08-12 18:58:02.736,2025-08-12 18:58:02.736
768,COMPUTADOR,GENÉRICO,4A890MB5I,cacfec45-6d8e-4179-8817-7fc43a19fd11,242,DISPONIVEL,2025-08-12 18:58:02.798,2025-08-12 18:58:02.798
769,COMPUTADOR,GENÉRICO,4A890MC5L,cacfec45-6d8e-4179-8817-7fc43a19fd11,242,DISPONIVEL,2025-08-12 18:58:02.866,2025-08-12 18:58:02.866
770,COMPUTADOR,GENÉRICO,4A890MF6Z,cacfec45-6d8e-4179-8817-7fc43a19fd11,242,DISPONIVEL,2025-08-12 18:58:02.93,2025-08-12 18:58:02.93
771,COMPUTADOR,GENÉRICO,4A890MN5I,cacfec45-6d8e-4179-8817-7fc43a19fd11,242,DISPONIVEL,2025-08-12 18:58:02.996,2025-08-12 18:58:02.996
772,COMPUTADOR,GENÉRICO,4A890MS4S,cacfec45-6d8e-4179-8817-7fc43a19fd11,242,DISPONIVEL,2025-08-12 18:58:03.06,2025-08-12 18:58:03.06
773,COMPUTADOR,GENÉRICO,4A892K62G,cacfec45-6d8e-4179-8817-7fc43a19fd11,242,DISPONIVEL,2025-08-12 18:58:03.124,2025-08-12 18:58:03.124
778,ESTABILIZADOR,GENÉRICO,2444491010084,cacfec45-6d8e-4179-8817-7fc43a19fd11,242,DISPONIVEL,2025-08-12 18:58:03.436,2025-08-12 18:58:03.436
799,COMPUTADOR,GENÉRICO,4A890LG85,cacfec45-6d8e-4179-8817-7fc43a19fd11,248,DISPONIVEL,2025-08-12 18:58:04.814,2025-08-12 18:58:04.814
807,COMPUTADOR,GENÉRICO,4A890MQ17,cacfec45-6d8e-4179-8817-7fc43a19fd11,243,DISPONIVEL,2025-08-12 18:58:05.33,2025-08-12 18:58:05.33
810,ESTABILIZADOR,GENÉRICO,210350977,cacfec45-6d8e-4179-8817-7fc43a19fd11,243,DISPONIVEL,2025-08-12 18:58:05.528,2025-08-12 18:58:05.528
811,ESTABILIZADOR,GENÉRICO,2432391010469,cacfec45-6d8e-4179-8817-7fc43a19fd11,243,DISPONIVEL,2025-08-12 18:58:05.595,2025-08-12 18:58:05.595
827,MONITOR,GENÉRICO,17L20GT211200052,cacfec45-6d8e-4179-8817-7fc43a19fd11,243,DISPONIVEL,2025-08-12 18:58:06.64,2025-08-12 18:58:06.64
838,COMPUTADOR,GENÉRICO,4A890LC34,cacfec45-6d8e-4179-8817-7fc43a19fd11,245,DISPONIVEL,2025-08-12 18:58:07.364,2025-08-12 18:58:07.364
839,COMPUTADOR,GENÉRICO,4A890MF5U,cacfec45-6d8e-4179-8817-7fc43a19fd11,245,DISPONIVEL,2025-08-12 18:58:07.427,2025-08-12 18:58:07.427
851,COMPUTADOR,GENÉRICO,4A893N19O,cacfec45-6d8e-4179-8817-7fc43a19fd11,238,DISPONIVEL,2025-08-12 18:58:08.241,2025-08-12 18:58:08.241
856,COMPUTADOR,GENÉRICO,P0722008021,cacfec45-6d8e-4179-8817-7fc43a19fd11,238,DISPONIVEL,2025-08-12 18:58:08.559,2025-08-12 18:58:08.559
859,ESTABILIZADOR,GENÉRICO,2436391010599,cacfec45-6d8e-4179-8817-7fc43a19fd11,238,DISPONIVEL,2025-08-12 18:58:08.752,2025-08-12 18:58:08.752
874,NOTEBOOK,GENÉRICO,DFQQJ82,cacfec45-6d8e-4179-8817-7fc43a19fd11,238,DISPONIVEL,2025-08-12 18:58:09.721,2025-08-12 18:58:09.721
875,COMPUTADOR,GENÉRICO,4A890LD4C,cacfec45-6d8e-4179-8817-7fc43a19fd11,255,DISPONIVEL,2025-08-12 18:58:09.786,2025-08-12 18:58:09.786
876,COMPUTADOR,GENÉRICO,4A890MN92,cacfec45-6d8e-4179-8817-7fc43a19fd11,255,DISPONIVEL,2025-08-12 18:58:09.854,2025-08-12 18:58:09.854
908,MONITOR,GENÉRICO,50637275,cacfec45-6d8e-4179-8817-7fc43a19fd11,253,DISPONIVEL,2025-08-12 18:58:11.974,2025-08-12 18:58:11.974
917,COMPUTADOR,GENÉRICO,4A3163B55,cacfec45-6d8e-4179-8817-7fc43a19fd11,254,DISPONIVEL,2025-08-12 18:58:12.557,2025-08-12 18:58:12.557
924,ESTABILIZADOR,GENÉRICO,2444491010314,cacfec45-6d8e-4179-8817-7fc43a19fd11,251,DISPONIVEL,2025-08-12 18:58:13.034,2025-08-12 18:58:13.034
930,COMPUTADOR,GENÉRICO,4A890DM5O,cacfec45-6d8e-4179-8817-7fc43a19fd11,256,DISPONIVEL,2025-08-12 18:58:13.413,2025-08-12 18:58:13.413
931,COMPUTADOR,GENÉRICO,4A890L75Z,cacfec45-6d8e-4179-8817-7fc43a19fd11,256,DISPONIVEL,2025-08-12 18:58:13.476,2025-08-12 18:58:13.476
932,COMPUTADOR,GENÉRICO,4A890LC49,cacfec45-6d8e-4179-8817-7fc43a19fd11,256,DISPONIVEL,2025-08-12 18:58:13.538,2025-08-12 18:58:13.538
933,COMPUTADOR,GENÉRICO,4A890LD22,cacfec45-6d8e-4179-8817-7fc43a19fd11,256,DISPONIVEL,2025-08-12 18:58:13.604,2025-08-12 18:58:13.604
934,COMPUTADOR,GENÉRICO,4A890MD29,cacfec45-6d8e-4179-8817-7fc43a19fd11,256,DISPONIVEL,2025-08-12 18:58:13.668,2025-08-12 18:58:13.668
1024,COMPUTADOR,GENÉRICO,4A890LJ0A,cacfec45-6d8e-4179-8817-7fc43a19fd11,208,DISPONIVEL,2025-08-12 18:58:19.477,2025-08-12 18:58:19.477
1025,COMPUTADOR,GENÉRICO,4A890MP50,cacfec45-6d8e-4179-8817-7fc43a19fd11,208,DISPONIVEL,2025-08-12 18:58:19.538,2025-08-12 18:58:19.538
1026,COMPUTADOR,GENÉRICO,4A892K44K,cacfec45-6d8e-4179-8817-7fc43a19fd11,208,DISPONIVEL,2025-08-12 18:58:19.601,2025-08-12 18:58:19.601
1037,COMPUTADOR,GENÉRICO,4A890L485,cacfec45-6d8e-4179-8817-7fc43a19fd11,204,DISPONIVEL,2025-08-12 18:58:20.325,2025-08-12 18:58:20.325
1038,COMPUTADOR,GENÉRICO,4A890L52E,cacfec45-6d8e-4179-8817-7fc43a19fd11,179,DISPONIVEL,2025-08-12 18:58:20.389,2025-08-12 18:58:20.389
1039,COMPUTADOR,GENÉRICO,4A890L54O,cacfec45-6d8e-4179-8817-7fc43a19fd11,179,DISPONIVEL,2025-08-12 18:58:20.448,2025-08-12 18:58:20.448
1040,COMPUTADOR,GENÉRICO,4A890L56Y,cacfec45-6d8e-4179-8817-7fc43a19fd11,179,DISPONIVEL,2025-08-12 18:58:20.571,2025-08-12 18:58:20.571
1041,COMPUTADOR,GENÉRICO,4A890L588,cacfec45-6d8e-4179-8817-7fc43a19fd11,86,DISPONIVEL,2025-08-12 18:58:20.631,2025-08-12 18:58:20.631
1042,COMPUTADOR,GENÉRICO,4A890L661,cacfec45-6d8e-4179-8817-7fc43a19fd11,178,DISPONIVEL,2025-08-12 18:58:20.695,2025-08-12 18:58:20.695
1043,COMPUTADOR,GENÉRICO,4A890L69G,cacfec45-6d8e-4179-8817-7fc43a19fd11,87,DISPONIVEL,2025-08-12 18:58:20.76,2025-08-12 18:58:20.76
1044,COMPUTADOR,GENÉRICO,4A890L71F,cacfec45-6d8e-4179-8817-7fc43a19fd11,80,DISPONIVEL,2025-08-12 18:58:20.823,2025-08-12 18:58:20.823
1045,COMPUTADOR,GENÉRICO,4A890L779,cacfec45-6d8e-4179-8817-7fc43a19fd11,178,DISPONIVEL,2025-08-12 18:58:20.885,2025-08-12 18:58:20.885
1046,COMPUTADOR,GENÉRICO,4A890L81I,cacfec45-6d8e-4179-8817-7fc43a19fd11,179,DISPONIVEL,2025-08-12 18:58:20.95,2025-08-12 18:58:20.95
1047,COMPUTADOR,GENÉRICO,4A890L89M,cacfec45-6d8e-4179-8817-7fc43a19fd11,19,DISPONIVEL,2025-08-12 18:58:21.013,2025-08-12 18:58:21.013
1048,COMPUTADOR,GENÉRICO,4A890L90G,cacfec45-6d8e-4179-8817-7fc43a19fd11,139,DISPONIVEL,2025-08-12 18:58:21.075,2025-08-12 18:58:21.075
1049,COMPUTADOR,GENÉRICO,4A890L93V,cacfec45-6d8e-4179-8817-7fc43a19fd11,41,DISPONIVEL,2025-08-12 18:58:21.166,2025-08-12 18:58:21.166
1050,COMPUTADOR,GENÉRICO,4A890L97F,cacfec45-6d8e-4179-8817-7fc43a19fd11,179,DISPONIVEL,2025-08-12 18:58:21.227,2025-08-12 18:58:21.227
1051,COMPUTADOR,GENÉRICO,4A890L99P,cacfec45-6d8e-4179-8817-7fc43a19fd11,179,DISPONIVEL,2025-08-12 18:58:21.289,2025-08-12 18:58:21.289
1052,COMPUTADOR,GENÉRICO,4A890LB0M,cacfec45-6d8e-4179-8817-7fc43a19fd11,178,DISPONIVEL,2025-08-12 18:58:21.369,2025-08-12 18:58:21.369
1053,COMPUTADOR,GENÉRICO,4A890LB46,cacfec45-6d8e-4179-8817-7fc43a19fd11,178,DISPONIVEL,2025-08-12 18:58:21.428,2025-08-12 18:58:21.428
1054,COMPUTADOR,GENÉRICO,4A890LB5B,cacfec45-6d8e-4179-8817-7fc43a19fd11,204,DISPONIVEL,2025-08-12 18:58:21.494,2025-08-12 18:58:21.494
1055,COMPUTADOR,GENÉRICO,4A890LB6G,cacfec45-6d8e-4179-8817-7fc43a19fd11,466,DISPONIVEL,2025-08-12 18:58:21.554,2025-08-12 18:58:21.554
1056,COMPUTADOR,GENÉRICO,4A890LC2Z,cacfec45-6d8e-4179-8817-7fc43a19fd11,139,DISPONIVEL,2025-08-12 18:58:21.613,2025-08-12 18:58:21.613
1057,COMPUTADOR,GENÉRICO,4A890LF0Y,cacfec45-6d8e-4179-8817-7fc43a19fd11,41,DISPONIVEL,2025-08-12 18:58:21.675,2025-08-12 18:58:21.675
1058,COMPUTADOR,GENÉRICO,4A890LG16,cacfec45-6d8e-4179-8817-7fc43a19fd11,87,DISPONIVEL,2025-08-12 18:58:21.735,2025-08-12 18:58:21.735
1059,COMPUTADOR,GENÉRICO,4A890LG2B,cacfec45-6d8e-4179-8817-7fc43a19fd11,9,DISPONIVEL,2025-08-12 18:58:21.806,2025-08-12 18:58:21.806
1060,COMPUTADOR,GENÉRICO,4A890LG4L,cacfec45-6d8e-4179-8817-7fc43a19fd11,178,DISPONIVEL,2025-08-12 18:58:21.866,2025-08-12 18:58:21.866
1061,COMPUTADOR,GENÉRICO,4A890LH3J,cacfec45-6d8e-4179-8817-7fc43a19fd11,87,DISPONIVEL,2025-08-12 18:58:21.93,2025-08-12 18:58:21.93
1062,COMPUTADOR,GENÉRICO,4A890LH6Y,cacfec45-6d8e-4179-8817-7fc43a19fd11,178,DISPONIVEL,2025-08-12 18:58:21.991,2025-08-12 18:58:21.991
1063,COMPUTADOR,GENÉRICO,4A890LH88,cacfec45-6d8e-4179-8817-7fc43a19fd11,179,DISPONIVEL,2025-08-12 18:58:22.054,2025-08-12 18:58:22.054
1064,COMPUTADOR,GENÉRICO,4A890LH9D,cacfec45-6d8e-4179-8817-7fc43a19fd11,466,DISPONIVEL,2025-08-12 18:58:22.115,2025-08-12 18:58:22.115
1065,COMPUTADOR,GENÉRICO,4A890M550,cacfec45-6d8e-4179-8817-7fc43a19fd11,466,DISPONIVEL,2025-08-12 18:58:22.176,2025-08-12 18:58:22.176
1066,COMPUTADOR,GENÉRICO,4A890M68I,cacfec45-6d8e-4179-8817-7fc43a19fd11,178,DISPONIVEL,2025-08-12 18:58:22.238,2025-08-12 18:58:22.238
1067,COMPUTADOR,GENÉRICO,4A890M70H,cacfec45-6d8e-4179-8817-7fc43a19fd11,179,DISPONIVEL,2025-08-12 18:58:22.298,2025-08-12 18:58:22.298
1068,COMPUTADOR,GENÉRICO,4A890M71M,cacfec45-6d8e-4179-8817-7fc43a19fd11,179,DISPONIVEL,2025-08-12 18:58:22.363,2025-08-12 18:58:22.363
1069,COMPUTADOR,GENÉRICO,4A890M741,cacfec45-6d8e-4179-8817-7fc43a19fd11,41,DISPONIVEL,2025-08-12 18:58:22.428,2025-08-12 18:58:22.428
1070,COMPUTADOR,GENÉRICO,4A890M756,cacfec45-6d8e-4179-8817-7fc43a19fd11,178,DISPONIVEL,2025-08-12 18:58:22.49,2025-08-12 18:58:22.49
1071,COMPUTADOR,GENÉRICO,4A890M77G,cacfec45-6d8e-4179-8817-7fc43a19fd11,41,DISPONIVEL,2025-08-12 18:58:22.552,2025-08-12 18:58:22.552
1072,COMPUTADOR,GENÉRICO,4A890M87J,cacfec45-6d8e-4179-8817-7fc43a19fd11,41,DISPONIVEL,2025-08-12 18:58:22.617,2025-08-12 18:58:22.617
1073,COMPUTADOR,GENÉRICO,4A890M91S,cacfec45-6d8e-4179-8817-7fc43a19fd11,30,DISPONIVEL,2025-08-12 18:58:22.683,2025-08-12 18:58:22.683
1074,COMPUTADOR,GENÉRICO,4A890M97M,cacfec45-6d8e-4179-8817-7fc43a19fd11,179,DISPONIVEL,2025-08-12 18:58:22.745,2025-08-12 18:58:22.745
1075,COMPUTADOR,GENÉRICO,4A890MB38,cacfec45-6d8e-4179-8817-7fc43a19fd11,204,DISPONIVEL,2025-08-12 18:58:22.806,2025-08-12 18:58:22.806
1076,COMPUTADOR,GENÉRICO,4A890MC7V,cacfec45-6d8e-4179-8817-7fc43a19fd11,20,DISPONIVEL,2025-08-12 18:58:22.869,2025-08-12 18:58:22.869
1077,COMPUTADOR,GENÉRICO,4A890MD98,cacfec45-6d8e-4179-8817-7fc43a19fd11,179,DISPONIVEL,2025-08-12 18:58:22.934,2025-08-12 18:58:22.934
1078,COMPUTADOR,GENÉRICO,4A890MF1A,cacfec45-6d8e-4179-8817-7fc43a19fd11,41,DISPONIVEL,2025-08-12 18:58:22.998,2025-08-12 18:58:22.998
1079,COMPUTADOR,GENÉRICO,4A890MF74,cacfec45-6d8e-4179-8817-7fc43a19fd11,75,DISPONIVEL,2025-08-12 18:58:23.086,2025-08-12 18:58:23.086
1080,COMPUTADOR,GENÉRICO,4A890MF89,cacfec45-6d8e-4179-8817-7fc43a19fd11,139,DISPONIVEL,2025-08-12 18:58:23.15,2025-08-12 18:58:23.15
1081,COMPUTADOR,GENÉRICO,4A890MF9E,cacfec45-6d8e-4179-8817-7fc43a19fd11,145,DISPONIVEL,2025-08-12 18:58:23.217,2025-08-12 18:58:23.217
1082,COMPUTADOR,GENÉRICO,4A890MG9H,cacfec45-6d8e-4179-8817-7fc43a19fd11,139,DISPONIVEL,2025-08-12 18:58:23.28,2025-08-12 18:58:23.28
1083,COMPUTADOR,GENÉRICO,4A890MH1G,cacfec45-6d8e-4179-8817-7fc43a19fd11,179,DISPONIVEL,2025-08-12 18:58:23.345,2025-08-12 18:58:23.345
1084,COMPUTADOR,GENÉRICO,4A890MH65,cacfec45-6d8e-4179-8817-7fc43a19fd11,178,DISPONIVEL,2025-08-12 18:58:23.418,2025-08-12 18:58:23.418
1085,COMPUTADOR,GENÉRICO,4A890MH9K,cacfec45-6d8e-4179-8817-7fc43a19fd11,139,DISPONIVEL,2025-08-12 18:58:23.482,2025-08-12 18:58:23.482
1086,COMPUTADOR,GENÉRICO,4A890MJH0,cacfec45-6d8e-4179-8817-7fc43a19fd11,178,DISPONIVEL,2025-08-12 18:58:23.544,2025-08-12 18:58:23.544
1087,COMPUTADOR,GENÉRICO,4A890MK3Z,cacfec45-6d8e-4179-8817-7fc43a19fd11,139,DISPONIVEL,2025-08-12 18:58:23.606,2025-08-12 18:58:23.606
1088,COMPUTADOR,GENÉRICO,4A890MK44,cacfec45-6d8e-4179-8817-7fc43a19fd11,178,DISPONIVEL,2025-08-12 18:58:23.669,2025-08-12 18:58:23.669
1089,COMPUTADOR,GENÉRICO,4A890MK7J,cacfec45-6d8e-4179-8817-7fc43a19fd11,178,DISPONIVEL,2025-08-12 18:58:23.729,2025-08-12 18:58:23.729
1090,COMPUTADOR,GENÉRICO,4A890MK9T,cacfec45-6d8e-4179-8817-7fc43a19fd11,148,DISPONIVEL,2025-08-12 18:58:23.789,2025-08-12 18:58:23.789
1091,COMPUTADOR,GENÉRICO,4A890ML0N,cacfec45-6d8e-4179-8817-7fc43a19fd11,41,DISPONIVEL,2025-08-12 18:58:23.855,2025-08-12 18:58:23.855
1092,COMPUTADOR,GENÉRICO,4A890ML5C,cacfec45-6d8e-4179-8817-7fc43a19fd11,179,DISPONIVEL,2025-08-12 18:58:23.917,2025-08-12 18:58:23.917
1093,COMPUTADOR,GENÉRICO,4A890MM20,cacfec45-6d8e-4179-8817-7fc43a19fd11,18,DISPONIVEL,2025-08-12 18:58:23.977,2025-08-12 18:58:23.977
1094,COMPUTADOR,GENÉRICO,4A890MP29,cacfec45-6d8e-4179-8817-7fc43a19fd11,86,DISPONIVEL,2025-08-12 18:58:24.04,2025-08-12 18:58:24.04
1095,COMPUTADOR,GENÉRICO,4A890MP3E,cacfec45-6d8e-4179-8817-7fc43a19fd11,9,DISPONIVEL,2025-08-12 18:58:24.105,2025-08-12 18:58:24.105
1096,COMPUTADOR,GENÉRICO,4A890MP3K,cacfec45-6d8e-4179-8817-7fc43a19fd11,86,DISPONIVEL,2025-08-12 18:58:24.171,2025-08-12 18:58:24.171
1097,COMPUTADOR,GENÉRICO,4A890MP6T,cacfec45-6d8e-4179-8817-7fc43a19fd11,179,DISPONIVEL,2025-08-12 18:58:24.238,2025-08-12 18:58:24.238
1098,COMPUTADOR,GENÉRICO,4A890MP7Y,cacfec45-6d8e-4179-8817-7fc43a19fd11,178,DISPONIVEL,2025-08-12 18:58:24.302,2025-08-12 18:58:24.302
1099,COMPUTADOR,GENÉRICO,4A890MQ5R,cacfec45-6d8e-4179-8817-7fc43a19fd11,179,DISPONIVEL,2025-08-12 18:58:24.364,2025-08-12 18:58:24.364
1100,COMPUTADOR,GENÉRICO,4A890MQ9B,cacfec45-6d8e-4179-8817-7fc43a19fd11,179,DISPONIVEL,2025-08-12 18:58:24.428,2025-08-12 18:58:24.428
1101,COMPUTADOR,GENÉRICO,4A890MR2F,cacfec45-6d8e-4179-8817-7fc43a19fd11,41,DISPONIVEL,2025-08-12 18:58:24.492,2025-08-12 18:58:24.492
1102,COMPUTADOR,GENÉRICO,4A890MR3K,cacfec45-6d8e-4179-8817-7fc43a19fd11,86,DISPONIVEL,2025-08-12 18:58:24.555,2025-08-12 18:58:24.555
1103,COMPUTADOR,GENÉRICO,4A890MR6Z,cacfec45-6d8e-4179-8817-7fc43a19fd11,204,DISPONIVEL,2025-08-12 18:58:24.616,2025-08-12 18:58:24.616
1104,COMPUTADOR,GENÉRICO,4A890MR74,cacfec45-6d8e-4179-8817-7fc43a19fd11,139,DISPONIVEL,2025-08-12 18:58:24.68,2025-08-12 18:58:24.68
1105,COMPUTADOR,GENÉRICO,4A890MS1D,cacfec45-6d8e-4179-8817-7fc43a19fd11,41,DISPONIVEL,2025-08-12 18:58:24.745,2025-08-12 18:58:24.745
1106,COMPUTADOR,GENÉRICO,4A890MS21,cacfec45-6d8e-4179-8817-7fc43a19fd11,139,DISPONIVEL,2025-08-12 18:58:24.811,2025-08-12 18:58:24.811
1107,COMPUTADOR,GENÉRICO,4A890MS3N,cacfec45-6d8e-4179-8817-7fc43a19fd11,179,DISPONIVEL,2025-08-12 18:58:24.874,2025-08-12 18:58:24.874
1108,COMPUTADOR,GENÉRICO,4A890MS62,cacfec45-6d8e-4179-8817-7fc43a19fd11,41,DISPONIVEL,2025-08-12 18:58:24.939,2025-08-12 18:58:24.939
1109,COMPUTADOR,GENÉRICO,4A890MS77,cacfec45-6d8e-4179-8817-7fc43a19fd11,178,DISPONIVEL,2025-08-12 18:58:25.002,2025-08-12 18:58:25.002
1110,COMPUTADOR,GENÉRICO,4A892K55S,cacfec45-6d8e-4179-8817-7fc43a19fd11,86,DISPONIVEL,2025-08-12 18:58:25.065,2025-08-12 18:58:25.065
1111,COMPUTADOR,GENÉRICO,4A893N20I,cacfec45-6d8e-4179-8817-7fc43a19fd11,466,DISPONIVEL,2025-08-12 18:58:25.131,2025-08-12 18:58:25.131
1112,COMPUTADOR,GENÉRICO,4M890M844,cacfec45-6d8e-4179-8817-7fc43a19fd11,139,DISPONIVEL,2025-08-12 18:58:25.194,2025-08-12 18:58:25.194
1136,COMPUTADOR,GENÉRICO,MH1311DC000707,cacfec45-6d8e-4179-8817-7fc43a19fd11,147,DISPONIVEL,2025-08-12 18:58:26.775,2025-08-12 18:58:26.775
1137,COMPUTADOR,GENÉRICO,P1222006218,cacfec45-6d8e-4179-8817-7fc43a19fd11,139,DISPONIVEL,2025-08-12 18:58:26.839,2025-08-12 18:58:26.839
1177,COMPUTADOR,GENÉRICO,P0818004024,cacfec45-6d8e-4179-8817-7fc43a19fd11,139,DISPONIVEL,2025-08-12 18:58:29.45,2025-08-12 18:58:29.45
1178,COMPUTADOR,GENÉRICO,P0617002639,cacfec45-6d8e-4179-8817-7fc43a19fd11,139,DISPONIVEL,2025-08-12 18:58:29.511,2025-08-12 18:58:29.511
1179,COMPUTADOR,GENÉRICO,P0618003922,cacfec45-6d8e-4179-8817-7fc43a19fd11,178,DISPONIVEL,2025-08-12 18:58:29.574,2025-08-12 18:58:29.574
1180,COMPUTADOR,GENÉRICO,P0222005568,cacfec45-6d8e-4179-8817-7fc43a19fd11,468,DISPONIVEL,2025-08-12 18:58:29.638,2025-08-12 18:58:29.638
1181,COMPUTADOR,GENÉRICO,P0320005082,cacfec45-6d8e-4179-8817-7fc43a19fd11,467,DISPONIVEL,2025-08-12 18:58:29.701,2025-08-12 18:58:29.701
1182,COMPUTADOR,GENÉRICO,P0918004069,cacfec45-6d8e-4179-8817-7fc43a19fd11,468,DISPONIVEL,2025-08-12 18:58:29.763,2025-08-12 18:58:29.763
1183,COMPUTADOR,GENÉRICO,P1019004835,cacfec45-6d8e-4179-8817-7fc43a19fd11,467,DISPONIVEL,2025-08-12 18:58:29.825,2025-08-12 18:58:29.825
1184,COMPUTADOR,GENÉRICO,P0317002245,cacfec45-6d8e-4179-8817-7fc43a19fd11,467,DISPONIVEL,2025-08-12 18:58:29.888,2025-08-12 18:58:29.888
1185,COMPUTADOR,GENÉRICO,P0319004485,cacfec45-6d8e-4179-8817-7fc43a19fd11,468,DISPONIVEL,2025-08-12 18:58:29.954,2025-08-12 18:58:29.954
1214,COMPUTADOR,GENÉRICO,5A247LX67,cacfec45-6d8e-4179-8817-7fc43a19fd11,148,DISPONIVEL,2025-08-12 18:58:31.863,2025-08-12 18:58:31.863
1215,COMPUTADOR,GENÉRICO,4A890L540,cacfec45-6d8e-4179-8817-7fc43a19fd11,179,DISPONIVEL,2025-08-12 18:58:31.926,2025-08-12 18:58:31.926
1216,COMPUTADOR,GENÉRICO,4A890L5C,cacfec45-6d8e-4179-8817-7fc43a19fd11,179,DISPONIVEL,2025-08-12 18:58:31.991,2025-08-12 18:58:31.991
1217,COMPUTADOR,GENÉRICO,4A890M53N,cacfec45-6d8e-4179-8817-7fc43a19fd11,179,DISPONIVEL,2025-08-12 18:58:32.057,2025-08-12 18:58:32.057
1218,COMPUTADOR,GENÉRICO,4A890ML7M,cacfec45-6d8e-4179-8817-7fc43a19fd11,466,DISPONIVEL,2025-08-12 18:58:32.121,2025-08-12 18:58:32.121
1219,COMPUTADOR,GENÉRICO,4A892K63L,cacfec45-6d8e-4179-8817-7fc43a19fd11,41,DISPONIVEL,2025-08-12 18:58:32.184,2025-08-12 18:58:32.184
1220,COMPUTADOR,GENÉRICO,5A349RD2D,cacfec45-6d8e-4179-8817-7fc43a19fd11,34,DISPONIVEL,2025-08-12 18:58:32.253,2025-08-12 18:58:32.253
1221,COMPUTADOR,GENÉRICO,5A3563N6Y,cacfec45-6d8e-4179-8817-7fc43a19fd11,34,DISPONIVEL,2025-08-12 18:58:32.315,2025-08-12 18:58:32.315
1222,COMPUTADOR,GENÉRICO,5A356427J,cacfec45-6d8e-4179-8817-7fc43a19fd11,34,DISPONIVEL,2025-08-12 18:58:32.378,2025-08-12 18:58:32.378
1223,COMPUTADOR,GENÉRICO,5A3563R7F,cacfec45-6d8e-4179-8817-7fc43a19fd11,34,DISPONIVEL,2025-08-12 18:58:32.442,2025-08-12 18:58:32.442
1226,COMPUTADOR,GENÉRICO,6473500154,cacfec45-6d8e-4179-8817-7fc43a19fd11,466,DISPONIVEL,2025-08-12 18:58:32.629,2025-08-12 18:58:32.629
1325,ESTABILIZADOR,GENÉRICO,2430431010492,cacfec45-6d8e-4179-8817-7fc43a19fd11,65,DISPONIVEL,2025-08-12 18:58:39.106,2025-08-12 18:58:39.106
1326,ESTABILIZADOR,GENÉRICO,2430491010412,cacfec45-6d8e-4179-8817-7fc43a19fd11,75,DISPONIVEL,2025-08-12 18:58:39.188,2025-08-12 18:58:39.188
1327,ESTABILIZADOR,GENÉRICO,2430491010413,cacfec45-6d8e-4179-8817-7fc43a19fd11,75,DISPONIVEL,2025-08-12 18:58:39.25,2025-08-12 18:58:39.25
1328,ESTABILIZADOR,GENÉRICO,2430491010451,cacfec45-6d8e-4179-8817-7fc43a19fd11,467,DISPONIVEL,2025-08-12 18:58:39.311,2025-08-12 18:58:39.311
1329,ESTABILIZADOR,GENÉRICO,2430491010453,cacfec45-6d8e-4179-8817-7fc43a19fd11,467,DISPONIVEL,2025-08-12 18:58:39.374,2025-08-12 18:58:39.374
1330,ESTABILIZADOR,GENÉRICO,2430491010496,cacfec45-6d8e-4179-8817-7fc43a19fd11,65,DISPONIVEL,2025-08-12 18:58:39.438,2025-08-12 18:58:39.438
1331,ESTABILIZADOR,GENÉRICO,2430491010497,cacfec45-6d8e-4179-8817-7fc43a19fd11,65,DISPONIVEL,2025-08-12 18:58:39.5,2025-08-12 18:58:39.5
1332,ESTABILIZADOR,GENÉRICO,2432391010373,cacfec45-6d8e-4179-8817-7fc43a19fd11,467,DISPONIVEL,2025-08-12 18:58:39.564,2025-08-12 18:58:39.564
1333,ESTABILIZADOR,GENÉRICO,2432391010375,cacfec45-6d8e-4179-8817-7fc43a19fd11,467,DISPONIVEL,2025-08-12 18:58:39.627,2025-08-12 18:58:39.627
1334,ESTABILIZADOR,GENÉRICO,2432391010378,cacfec45-6d8e-4179-8817-7fc43a19fd11,467,DISPONIVEL,2025-08-12 18:58:39.69,2025-08-12 18:58:39.69
1335,ESTABILIZADOR,GENÉRICO,2432391010379,cacfec45-6d8e-4179-8817-7fc43a19fd11,467,DISPONIVEL,2025-08-12 18:58:39.755,2025-08-12 18:58:39.755
1336,ESTABILIZADOR,GENÉRICO,2432391010380,cacfec45-6d8e-4179-8817-7fc43a19fd11,467,DISPONIVEL,2025-08-12 18:58:39.817,2025-08-12 18:58:39.817
1337,ESTABILIZADOR,GENÉRICO,2432391010461,cacfec45-6d8e-4179-8817-7fc43a19fd11,65,DISPONIVEL,2025-08-12 18:58:39.876,2025-08-12 18:58:39.876
1338,ESTABILIZADOR,GENÉRICO,2432391010462,cacfec45-6d8e-4179-8817-7fc43a19fd11,65,DISPONIVEL,2025-08-12 18:58:39.936,2025-08-12 18:58:39.936
1339,ESTABILIZADOR,GENÉRICO,2432391010463,cacfec45-6d8e-4179-8817-7fc43a19fd11,65,DISPONIVEL,2025-08-12 18:58:39.998,2025-08-12 18:58:39.998
1340,ESTABILIZADOR,GENÉRICO,2432391010465,cacfec45-6d8e-4179-8817-7fc43a19fd11,65,DISPONIVEL,2025-08-12 18:58:40.06,2025-08-12 18:58:40.06
1341,ESTABILIZADOR,GENÉRICO,2432391010727,cacfec45-6d8e-4179-8817-7fc43a19fd11,467,DISPONIVEL,2025-08-12 18:58:40.127,2025-08-12 18:58:40.127
1342,ESTABILIZADOR,GENÉRICO,2432391010728,cacfec45-6d8e-4179-8817-7fc43a19fd11,467,DISPONIVEL,2025-08-12 18:58:40.194,2025-08-12 18:58:40.194
1343,ESTABILIZADOR,GENÉRICO,2436391010571,cacfec45-6d8e-4179-8817-7fc43a19fd11,103,DISPONIVEL,2025-08-12 18:58:40.258,2025-08-12 18:58:40.258
1344,ESTABILIZADOR,GENÉRICO,2436391010572,cacfec45-6d8e-4179-8817-7fc43a19fd11,103,DISPONIVEL,2025-08-12 18:58:40.324,2025-08-12 18:58:40.324
1345,ESTABILIZADOR,GENÉRICO,2436391010575,cacfec45-6d8e-4179-8817-7fc43a19fd11,103,DISPONIVEL,2025-08-12 18:58:40.412,2025-08-12 18:58:40.412
1346,ESTABILIZADOR,GENÉRICO,2436391010576,cacfec45-6d8e-4179-8817-7fc43a19fd11,103,DISPONIVEL,2025-08-12 18:58:40.505,2025-08-12 18:58:40.505
1347,ESTABILIZADOR,GENÉRICO,2436391010578,cacfec45-6d8e-4179-8817-7fc43a19fd11,85,DISPONIVEL,2025-08-12 18:58:40.571,2025-08-12 18:58:40.571
1348,ESTABILIZADOR,GENÉRICO,2436391010580,cacfec45-6d8e-4179-8817-7fc43a19fd11,85,DISPONIVEL,2025-08-12 18:58:40.636,2025-08-12 18:58:40.636
1349,ESTABILIZADOR,GENÉRICO,2436391010591,cacfec45-6d8e-4179-8817-7fc43a19fd11,103,DISPONIVEL,2025-08-12 18:58:40.699,2025-08-12 18:58:40.699
1350,ESTABILIZADOR,GENÉRICO,2436391010592,cacfec45-6d8e-4179-8817-7fc43a19fd11,103,DISPONIVEL,2025-08-12 18:58:40.762,2025-08-12 18:58:40.762
1351,ESTABILIZADOR,GENÉRICO,2436391010593,cacfec45-6d8e-4179-8817-7fc43a19fd11,103,DISPONIVEL,2025-08-12 18:58:40.824,2025-08-12 18:58:40.824
1352,ESTABILIZADOR,GENÉRICO,2436391010594,cacfec45-6d8e-4179-8817-7fc43a19fd11,103,DISPONIVEL,2025-08-12 18:58:40.892,2025-08-12 18:58:40.892
1353,ESTABILIZADOR,GENÉRICO,2436391010595,cacfec45-6d8e-4179-8817-7fc43a19fd11,103,DISPONIVEL,2025-08-12 18:58:40.963,2025-08-12 18:58:40.963
1354,ESTABILIZADOR,GENÉRICO,2436391010596,cacfec45-6d8e-4179-8817-7fc43a19fd11,103,DISPONIVEL,2025-08-12 18:58:41.033,2025-08-12 18:58:41.033
1355,ESTABILIZADOR,GENÉRICO,2436391010597,cacfec45-6d8e-4179-8817-7fc43a19fd11,103,DISPONIVEL,2025-08-12 18:58:41.096,2025-08-12 18:58:41.096
1356,ESTABILIZADOR,GENÉRICO,2436391010598,cacfec45-6d8e-4179-8817-7fc43a19fd11,103,DISPONIVEL,2025-08-12 18:58:41.16,2025-08-12 18:58:41.16
1357,ESTABILIZADOR,GENÉRICO,2436391010600,cacfec45-6d8e-4179-8817-7fc43a19fd11,103,DISPONIVEL,2025-08-12 18:58:41.222,2025-08-12 18:58:41.222
1368,IMPRESSORA,GENÉRICO,X3BK031151,cacfec45-6d8e-4179-8817-7fc43a19fd11,91,DISPONIVEL,2025-08-12 18:58:41.965,2025-08-12 18:58:41.965
1492,IMPRESSORA,GENÉRICO,CK3B007361,cacfec45-6d8e-4179-8817-7fc43a19fd11,99,DISPONIVEL,2025-08-12 18:58:50.182,2025-08-12 18:58:50.182
1643,MONITOR,GENÉRICO,968LKN22060280,cacfec45-6d8e-4179-8817-7fc43a19fd11,191,DISPONIVEL,2025-08-12 18:58:59.986,2025-08-12 18:58:59.986
1644,MONITOR,GENÉRICO,968LKN22060382,cacfec45-6d8e-4179-8817-7fc43a19fd11,191,DISPONIVEL,2025-08-12 18:59:00.046,2025-08-12 18:59:00.046
1645,MONITOR,GENÉRICO,GLED194106240245,cacfec45-6d8e-4179-8817-7fc43a19fd11,75,DISPONIVEL,2025-08-12 18:59:00.108,2025-08-12 18:59:00.108
1646,MONITOR,GENÉRICO,GLED194106240303,cacfec45-6d8e-4179-8817-7fc43a19fd11,467,DISPONIVEL,2025-08-12 18:59:00.169,2025-08-12 18:59:00.169
1647,MONITOR,GENÉRICO,GLED194106240312,cacfec45-6d8e-4179-8817-7fc43a19fd11,467,DISPONIVEL,2025-08-12 18:59:00.232,2025-08-12 18:59:00.232
1648,MONITOR,GENÉRICO,GLED194106240314,cacfec45-6d8e-4179-8817-7fc43a19fd11,467,DISPONIVEL,2025-08-12 18:59:00.292,2025-08-12 18:59:00.292
1649,MONITOR,GENÉRICO,GLED194106240319,cacfec45-6d8e-4179-8817-7fc43a19fd11,467,DISPONIVEL,2025-08-12 18:59:00.352,2025-08-12 18:59:00.352
1650,MONITOR,GENÉRICO,GLED194106240504,cacfec45-6d8e-4179-8817-7fc43a19fd11,65,DISPONIVEL,2025-08-12 18:59:00.418,2025-08-12 18:59:00.418
1651,MONITOR,GENÉRICO,GLED194106240636,cacfec45-6d8e-4179-8817-7fc43a19fd11,65,DISPONIVEL,2025-08-12 18:59:00.519,2025-08-12 18:59:00.519
1652,MONITOR,GENÉRICO,GLED194106240654,cacfec45-6d8e-4179-8817-7fc43a19fd11,65,DISPONIVEL,2025-08-12 18:59:00.582,2025-08-12 18:59:00.582
1653,MONITOR,GENÉRICO,GLED194106240807,cacfec45-6d8e-4179-8817-7fc43a19fd11,467,DISPONIVEL,2025-08-12 18:59:00.646,2025-08-12 18:59:00.646
1654,MONITOR,GENÉRICO,GLED194106240820,cacfec45-6d8e-4179-8817-7fc43a19fd11,467,DISPONIVEL,2025-08-12 18:59:00.708,2025-08-12 18:59:00.708
1655,MONITOR,GENÉRICO,GLED194106240847,cacfec45-6d8e-4179-8817-7fc43a19fd11,467,DISPONIVEL,2025-08-12 18:59:00.788,2025-08-12 18:59:00.788
1656,MONITOR,GENÉRICO,GLED194106240906,cacfec45-6d8e-4179-8817-7fc43a19fd11,467,DISPONIVEL,2025-08-12 18:59:00.849,2025-08-12 18:59:00.849
1657,MONITOR,GENÉRICO,GLED194106240944,cacfec45-6d8e-4179-8817-7fc43a19fd11,65,DISPONIVEL,2025-08-12 18:59:00.911,2025-08-12 18:59:00.911
1658,MONITOR,GENÉRICO,GLED194106240951,cacfec45-6d8e-4179-8817-7fc43a19fd11,75,DISPONIVEL,2025-08-12 18:59:00.979,2025-08-12 18:59:00.979
1659,MONITOR,GENÉRICO,GLED194106241064,cacfec45-6d8e-4179-8817-7fc43a19fd11,467,DISPONIVEL,2025-08-12 18:59:01.044,2025-08-12 18:59:01.044
1660,MONITOR,GENÉRICO,GLED194106241081,cacfec45-6d8e-4179-8817-7fc43a19fd11,467,DISPONIVEL,2025-08-12 18:59:01.107,2025-08-12 18:59:01.107
1661,MONITOR,GENÉRICO,GLED194106241280,cacfec45-6d8e-4179-8817-7fc43a19fd11,65,DISPONIVEL,2025-08-12 18:59:01.174,2025-08-12 18:59:01.174
1662,MONITOR,GENÉRICO,GLED194106241768,cacfec45-6d8e-4179-8817-7fc43a19fd11,65,DISPONIVEL,2025-08-12 18:59:01.249,2025-08-12 18:59:01.249
1680,MONITOR,GENÉRICO,MBRX21BK24060097,cacfec45-6d8e-4179-8817-7fc43a19fd11,193,DISPONIVEL,2025-08-12 18:59:02.373,2025-08-12 18:59:02.373
1681,MONITOR,GENÉRICO,MBRX21BK24060098,cacfec45-6d8e-4179-8817-7fc43a19fd11,193,DISPONIVEL,2025-08-12 18:59:02.433,2025-08-12 18:59:02.433
1682,MONITOR,GENÉRICO,MBRX21BK24061100,cacfec45-6d8e-4179-8817-7fc43a19fd11,193,DISPONIVEL,2025-08-12 18:59:02.497,2025-08-12 18:59:02.497
1683,MONITOR,GENÉRICO,MBRX21BK24061169,cacfec45-6d8e-4179-8817-7fc43a19fd11,193,DISPONIVEL,2025-08-12 18:59:02.562,2025-08-12 18:59:02.562
1684,MONITOR,GENÉRICO,MBRX21BK24061205,cacfec45-6d8e-4179-8817-7fc43a19fd11,193,DISPONIVEL,2025-08-12 18:59:02.625,2025-08-12 18:59:02.625
1685,MONITOR,GENÉRICO,MBRX21BK24061515,cacfec45-6d8e-4179-8817-7fc43a19fd11,193,DISPONIVEL,2025-08-12 18:59:02.69,2025-08-12 18:59:02.69
1686,MONITOR,GENÉRICO,MBRX21BK24061631,cacfec45-6d8e-4179-8817-7fc43a19fd11,193,DISPONIVEL,2025-08-12 18:59:02.757,2025-08-12 18:59:02.757
1687,MONITOR,GENÉRICO,MBRX21BK24061761,cacfec45-6d8e-4179-8817-7fc43a19fd11,193,DISPONIVEL,2025-08-12 18:59:02.822,2025-08-12 18:59:02.822
1688,MONITOR,GENÉRICO,MBRX21BK24061762,cacfec45-6d8e-4179-8817-7fc43a19fd11,193,DISPONIVEL,2025-08-12 18:59:02.887,2025-08-12 18:59:02.887
1689,MONITOR,GENÉRICO,MBRX21BK24061764,cacfec45-6d8e-4179-8817-7fc43a19fd11,193,DISPONIVEL,2025-08-12 18:59:02.951,2025-08-12 18:59:02.951
1690,MONITOR,GENÉRICO,MBRX21BK24061765,cacfec45-6d8e-4179-8817-7fc43a19fd11,193,DISPONIVEL,2025-08-12 18:59:03.014,2025-08-12 18:59:03.014
1691,MONITOR,GENÉRICO,MBRX21BK24061971,cacfec45-6d8e-4179-8817-7fc43a19fd11,193,DISPONIVEL,2025-08-12 18:59:03.075,2025-08-12 18:59:03.075
1692,MONITOR,GENÉRICO,MBRX21BK24061972,cacfec45-6d8e-4179-8817-7fc43a19fd11,193,DISPONIVEL,2025-08-12 18:59:03.137,2025-08-12 18:59:03.137
1693,MONITOR,GENÉRICO,MBRX21BK24061973,cacfec45-6d8e-4179-8817-7fc43a19fd11,193,DISPONIVEL,2025-08-12 18:59:03.2,2025-08-12 18:59:03.2
1694,MONITOR,GENÉRICO,MBRX21BK24060096,cacfec45-6d8e-4179-8817-7fc43a19fd11,103,DISPONIVEL,2025-08-12 18:59:03.265,2025-08-12 18:59:03.265
1695,MONITOR,GENÉRICO,MBRX21BK24060099,cacfec45-6d8e-4179-8817-7fc43a19fd11,103,DISPONIVEL,2025-08-12 18:59:03.326,2025-08-12 18:59:03.326
1696,MONITOR,GENÉRICO,MBRX21BK24061101,cacfec45-6d8e-4179-8817-7fc43a19fd11,103,DISPONIVEL,2025-08-12 18:59:03.389,2025-08-12 18:59:03.389
1697,MONITOR,GENÉRICO,MBRX21BK24061166,cacfec45-6d8e-4179-8817-7fc43a19fd11,103,DISPONIVEL,2025-08-12 18:59:03.449,2025-08-12 18:59:03.449
1698,MONITOR,GENÉRICO,MBRX21BK24061167,cacfec45-6d8e-4179-8817-7fc43a19fd11,103,DISPONIVEL,2025-08-12 18:59:03.51,2025-08-12 18:59:03.51
1699,MONITOR,GENÉRICO,MBRX21BK24061201,cacfec45-6d8e-4179-8817-7fc43a19fd11,103,DISPONIVEL,2025-08-12 18:59:03.571,2025-08-12 18:59:03.571
1700,MONITOR,GENÉRICO,MBRX21BK24061202,cacfec45-6d8e-4179-8817-7fc43a19fd11,103,DISPONIVEL,2025-08-12 18:59:03.631,2025-08-12 18:59:03.631
1701,MONITOR,GENÉRICO,MBRX21BK24061203,cacfec45-6d8e-4179-8817-7fc43a19fd11,103,DISPONIVEL,2025-08-12 18:59:03.695,2025-08-12 18:59:03.695
1702,MONITOR,GENÉRICO,MBRX21BK24061204,cacfec45-6d8e-4179-8817-7fc43a19fd11,103,DISPONIVEL,2025-08-12 18:59:03.756,2025-08-12 18:59:03.756
1703,MONITOR,GENÉRICO,MBRX21BK24061501,cacfec45-6d8e-4179-8817-7fc43a19fd11,103,DISPONIVEL,2025-08-12 18:59:03.82,2025-08-12 18:59:03.82
1704,MONITOR,GENÉRICO,MBRX21BK24061504,cacfec45-6d8e-4179-8817-7fc43a19fd11,103,DISPONIVEL,2025-08-12 18:59:03.889,2025-08-12 18:59:03.889
1705,MONITOR,GENÉRICO,MBRX21BK24061505,cacfec45-6d8e-4179-8817-7fc43a19fd11,103,DISPONIVEL,2025-08-12 18:59:03.953,2025-08-12 18:59:03.953
1706,MONITOR,GENÉRICO,MBRX21BK24061514,cacfec45-6d8e-4179-8817-7fc43a19fd11,103,DISPONIVEL,2025-08-12 18:59:04.016,2025-08-12 18:59:04.016
1707,MONITOR,GENÉRICO,MBRX21BK24061635,cacfec45-6d8e-4179-8817-7fc43a19fd11,65,DISPONIVEL,2025-08-12 18:59:04.081,2025-08-12 18:59:04.081
1708,MONITOR,GENÉRICO,MBRX21BK24062128,cacfec45-6d8e-4179-8817-7fc43a19fd11,103,DISPONIVEL,2025-08-12 18:59:04.142,2025-08-12 18:59:04.142
1709,MONITOR,GENÉRICO,MBRX21BK24061511,cacfec45-6d8e-4179-8817-7fc43a19fd11,85,DISPONIVEL,2025-08-12 18:59:04.206,2025-08-12 18:59:04.206
1710,MONITOR,GENÉRICO,MBRX21BK24061513,cacfec45-6d8e-4179-8817-7fc43a19fd11,85,DISPONIVEL,2025-08-12 18:59:04.305,2025-08-12 18:59:04.305
1765,MONITOR,GENÉRICO,195HQLED134604211115,cacfec45-6d8e-4179-8817-7fc43a19fd11,178,DISPONIVEL,2025-08-12 18:59:07.947,2025-08-12 18:59:07.947
1766,MONITOR,GENÉRICO,195HQLED1359072107843,cacfec45-6d8e-4179-8817-7fc43a19fd11,178,DISPONIVEL,2025-08-12 18:59:08.015,2025-08-12 18:59:08.015
1793,MONITOR,GENÉRICO,CMP0033288DEC11108,cacfec45-6d8e-4179-8817-7fc43a19fd11,139,DISPONIVEL,2025-08-12 18:59:09.817,2025-08-12 18:59:09.817